epoch,time,train/box_loss,train/cls_loss,train/dfl_loss,metrics/precision(B),metrics/recall(B),metrics/mAP50(B),metrics/mAP50-95(B),val/box_loss,val/cls_loss,val/dfl_loss,lr/pg0,lr/pg1,lr/pg2
1,68.2446,1.62394,3.5964,1.29714,0,0,0,0,0,153.995,0,0.000654971,0.000654971,0.000654971
2,121.478,1.38781,2.33715,1.17552,0,0,0,0,0,94.6428,0,0.00129547,0.00129547,0.00129547
3,183.056,1.39569,1.98309,1.1739,0,0,0,0,0,115.345,0,0.00190957,0.00190957,0.00190957
4,254.226,1.37232,1.69656,1.18311,0,0,0,0,0,222.237,0,0.0018812,0.0018812,0.0018812
5,325.995,1.36731,1.48747,1.1862,0,0,0,0,0,160.649,0,0.0018416,0.0018416,0.0018416
6,395.301,1.34246,1.38321,1.16548,0,0,0,0,0,91.785,0,0.001802,0.001802,0.001802
1,47.2433,1.62394,3.5964,1.29714,0,0,0,0,0,153.995,0,0.000654971,0.000654971,0.000654971
2,102.802,1.38781,2.33715,1.17552,0,0,0,0,0,94.6428,0,0.00129547,0.00129547,0.00129547
